date,market_status,rally_attempt_active,rally_day_count,rally_start_date,attempt_id,downtrend_low_day,day1_triggered_today,day1_low,ftd_detected,ftd_valid,ftd_date,ftd_late,ftd_low,ftd_close,distribution_count_20d,dd_flag_today,ftd_flag_today,ma50_break_flag,ma50,close,close_vs_ma50_pct,close_vs_ftd_close_pct,allow_new_buys
2019-10-01,downtrend,False,0,,0,False,False,,False,False,,False,,,0,False,False,False,926.31,926.31,0.0,,False
2019-10-02,downtrend,False,0,,0,True,False,,False,False,,False,,,0,False,False,False,923.02,919.73,-0.003564386470498948,,False
2019-10-03,downtrend,False,0,,0,True,False,,False,False,,False,,,0,False,False,False,922.5799999999999,921.7,-0.0009538468208717399,,False
2019-10-04,downtrend,False,0,,0,False,False,,False,False,,False,,,0,False,False,False,920.725,915.16,-0.006044149990496628,,False
2019-10-07,downtrend,False,0,,0,True,False,,False,False,,False,,,0,False,False,False,918.0799999999999,907.5,-0.011524050191704327,,False
2019-10-08,downtrend,False,0,,0,True,False,,False,False,,False,,,0,False,False,False,917.6116666666667,915.27,-0.0025519146625206934,,False
2019-10-09,downtrend,False,0,,0,False,False,,False,False,,False,,,0,False,False,False,917.1728571428572,914.54,-0.0028706226120330802,,False
2019-10-10,downtrend,False,0,,0,False,False,,False,False,,False,,,0,False,False,False,916.6575,913.05,-0.003935493900393605,,False
2019-10-11,rally_attempt,True,1,2019-10-11,1,False,True,912.94,False,False,,False,,,0,False,False,False,916.6600000000001,916.68,2.1818340496970734e-05,,False
2019-10-14,rally_attempt,True,2,2019-10-11,1,False,False,912.94,False,False,,False,,,0,False,False,False,917.1850000000001,921.91,0.005151632440565379,,False
2019-10-15,rally_attempt,True,3,2019-10-11,1,False,False,912.94,False,False,,False,,,0,False,False,False,917.7381818181817,923.27,0.006027664851928627,,False
2019-10-16,rally_attempt,True,4,2019-10-11,1,False,False,912.94,False,False,,False,,,0,False,False,False,918.3133333333334,924.64,0.0068894422383063425,,False
2019-10-17,rally_attempt,True,5,2019-10-11,1,False,False,912.94,False,False,,False,,,1,True,False,False,918.3738461538462,919.1,0.0007906952590113203,,False
2019-10-18,rally_attempt,True,6,2019-10-11,1,False,False,912.94,False,False,,False,,,1,False,False,False,918.4278571428571,919.13,0.0007645051831586258,,False
2019-10-21,rally_attempt,True,7,2019-10-11,1,False,False,912.94,False,False,,False,,,2,True,False,True,918.1326666666666,914.0,-0.004501165045864841,,False
2019-10-22,rally_attempt,True,8,2019-10-11,1,False,False,912.94,False,False,,False,,,2,False,False,False,918.05,916.81,-0.0013506889602963312,,False
2019-10-23,rally_attempt,True,9,2019-10-11,1,False,False,912.94,False,False,,False,,,2,False,False,False,918.1417647058823,919.61,0.0015991379006574657,,False
2019-10-24,rally_attempt,True,10,2019-10-11,1,False,False,912.94,False,False,,False,,,2,False,False,False,918.5366666666666,925.25,0.0073087265614510954,,False
2019-10-25,rally_attempt,True,11,2019-10-11,1,False,False,912.94,False,False,,False,,,2,False,False,False,918.9847368421052,927.05,0.008776275420644408,,False
2019-10-28,rally_attempt,True,12,2019-10-11,1,False,False,912.94,False,False,,False,,,2,False,False,False,919.3340000000001,925.97,0.0072182688772524095,,False
2019-10-29,rally_attempt,True,13,2019-10-11,1,False,False,912.94,False,False,,False,,,2,False,False,False,919.554761904762,923.97,0.004801495547793522,,False
2019-10-30,rally_attempt,True,14,2019-10-11,1,False,False,912.94,False,False,,False,,,2,False,False,False,919.8054545454546,925.07,0.00572354233009742,,False
2019-10-31,rally_attempt,True,15,2019-10-11,1,False,False,912.94,False,False,,False,,,3,True,False,False,919.9304347826088,922.68,0.002988883847549806,,False
2019-11-01,rally_attempt,True,16,2019-10-11,1,False,False,912.94,False,False,,False,,,3,False,False,False,920.4979166666667,933.55,0.014179373029542308,,False
2019-11-04,rally_attempt,True,17,2019-10-11,1,False,False,912.94,False,False,,False,,,3,False,False,False,921.288,940.25,0.020582054688653262,,False
2019-11-05,rally_attempt,True,18,2019-10-11,1,False,False,912.94,False,False,,False,,,3,False,False,False,922.0976923076923,942.34,0.02195245456221473,,False
2019-11-06,rally_attempt,True,19,2019-10-11,1,False,False,912.94,False,False,,False,,,3,False,False,False,922.8488888888888,942.38,0.02116393197875177,,False
2019-11-07,rally_attempt,True,20,2019-10-11,1,False,False,912.94,False,False,,False,,,3,False,False,False,923.6132142857142,944.25,0.022343536661334484,,False
2019-11-08,rally_attempt,True,21,2019-10-11,1,False,False,912.94,False,False,,False,,,3,False,False,False,924.3403448275861,944.7,0.02202614576583417,,False
2019-11-11,rally_attempt,True,22,2019-10-11,1,False,False,912.94,False,False,,False,,,3,False,False,False,924.853,939.72,0.016074987051996503,,False
2019-11-12,rally_attempt,True,23,2019-10-11,1,False,False,912.94,False,False,,False,,,3,False,False,False,925.3358064516129,939.82,0.015652905083106683,,False
2019-11-13,rally_attempt,True,24,2019-10-11,1,False,False,912.94,False,False,,False,,,4,True,False,False,925.5628125,932.6,0.007603144168024878,,False
2019-11-14,rally_attempt,True,25,2019-10-11,1,False,False,912.94,False,False,,False,,,3,False,False,False,925.65,928.44,0.0030140982012640816,,False
2019-11-15,rally_attempt,True,26,2019-10-11,1,False,False,912.94,False,False,,False,,,3,False,False,False,925.7002941176471,927.36,0.0017929192557240015,,False
2019-11-18,rally_attempt,True,27,2019-10-11,1,True,False,912.94,False,False,,False,,,2,False,False,False,925.5645714285714,920.95,-0.004985682869698582,,False
2019-11-19,downtrend,False,0,,1,False,False,,False,False,,False,,,2,False,False,False,925.5786111111112,926.07,0.0005308991402674934,,False
2019-11-20,downtrend,False,0,,1,True,False,,False,False,,False,,,2,False,False,False,925.3467567567568,917.0,-0.009020139418882578,,False
2019-11-21,downtrend,False,0,,1,True,False,,False,False,,False,,,3,True,False,False,924.6331578947368,898.23,-0.028555279106422193,,False
2019-11-22,downtrend,False,0,,1,True,False,,False,False,,False,,,4,True,False,False,923.804358974359,892.31,-0.0340920224811726,,False
2019-11-25,rally_attempt,True,1,2019-11-25,2,False,True,886.81,False,False,,False,,,4,False,False,False,923.07925,894.8,-0.03063577693897901,,False
2019-11-26,rally_attempt,True,2,2019-11-25,2,False,False,886.81,False,False,,False,,,4,False,False,False,922.4553658536585,897.5,-0.027053196043327565,,False
2019-11-27,rally_attempt,True,3,2019-11-25,2,False,False,886.81,False,False,,False,,,4,False,False,False,921.8030952380954,895.06,-0.029011722108817417,,False
2019-11-28,downtrend,False,0,,2,True,False,,False,False,,False,,,4,True,False,False,920.963488372093,885.7,-0.0382897789297002,,False
2019-11-29,downtrend,False,0,,2,True,False,,False,False,,False,,,4,False,False,False,920.2022727272728,887.47,-0.03557073667103827,,False
2019-12-02,downtrend,False,0,,2,True,False,,False,False,,False,,,5,True,False,False,919.2,875.1,-0.04797650130548303,,False
2019-12-03,correction,False,0,,2,True,False,,False,False,,False,,,6,True,False,False,918.1017391304348,868.68,-0.053830351282466604,,False
2019-12-04,correction,False,0,,2,True,False,,False,False,,False,,,6,False,False,False,917.3668085106383,883.56,-0.03685200750343731,,False
2019-12-05,correction,False,0,,2,False,False,,False,False,,False,,,6,False,False,False,916.5741666666667,879.32,-0.04064501054197278,,False
2019-12-06,correction,False,0,,2,False,False,,False,False,,False,,,6,False,False,False,915.8365306122448,880.43,-0.03866031702030415,,False
2019-12-09,correction,False,0,,2,False,False,,False,False,,False,,,6,False,False,False,915.1186,879.94,-0.038441574676768675,,False
2019-12-10,correction,False,0,,2,False,False,,False,False,,False,,,7,True,False,False,914.0556,873.16,-0.04474082320594075,,False
2019-12-11,correction,False,0,,2,False,False,,False,False,,False,,,6,False,False,False,913.2264,878.27,-0.03827791224607613,,False
2019-12-12,rally_attempt,True,1,2019-12-12,3,False,True,878.88,False,False,,False,,,6,False,False,False,912.4884,884.8,-0.030343837795636652,,False
2019-12-13,rally_attempt,True,2,2019-12-12,3,False,False,878.88,False,False,,False,,,7,True,False,False,911.7962,880.55,-0.03426884209431891,,False
2019-12-16,rally_attempt,True,3,2019-12-12,3,False,False,878.88,False,False,,False,,,8,True,False,False,911.1792,876.65,-0.03789507047570895,,False
2019-12-17,rally_attempt,True,4,2019-12-12,3,False,False,878.88,False,False,,False,,,8,False,False,False,910.2226,867.44,-0.04700234865625175,,False
2019-12-18,correction,False,0,,3,True,False,,False,False,,False,,,9,True,False,False,909.195,863.16,-0.05063270255555752,,False
2019-12-19,correction,False,0,,3,True,False,,False,False,,False,,,8,False,False,False,908.1786,862.23,-0.05059423333692292,,False
2019-12-20,rally_attempt,True,1,2019-12-20,4,False,True,862.38,False,False,,False,,,7,False,False,False,907.2123999999999,868.37,-0.0428151114336619,,False
2019-12-23,rally_attempt,True,2,2019-12-20,4,False,False,862.38,False,False,,False,,,7,False,False,False,906.1382000000001,868.2,-0.04186800644758171,,False
2019-12-24,rally_attempt,True,3,2019-12-20,4,False,False,862.38,False,False,,False,,,7,False,False,False,905.0704,869.88,-0.0388813953036139,,False
2019-12-25,rally_attempt,True,4,2019-12-20,4,False,False,862.38,False,False,,False,,,7,False,False,False,904.0412,873.18,-0.034136939776638564,,False
2019-12-26,rally_attempt,True,5,2019-12-20,4,False,False,862.38,False,False,,False,,,6,False,False,False,903.1006,872.07,-0.03436007018487186,,False
2019-12-27,rally_attempt,True,6,2019-12-20,4,False,False,862.38,False,False,,False,,,6,False,False,False,902.2456,876.38,-0.028668025646231943,,False
2019-12-30,rally_attempt,True,7,2019-12-20,4,False,False,862.38,False,False,,False,,,5,False,False,False,901.5714,880.29,-0.02360478604356797,,False
2019-12-31,rally_attempt,True,8,2019-12-20,4,False,False,862.38,False,False,,False,,,4,False,False,False,900.8164,879.06,-0.024151869348737587,,False
2020-01-02,rally_attempt,True,9,2019-12-20,4,False,False,862.38,False,False,,False,,,4,False,False,False,900.1618000000001,886.88,-0.014754902951891635,,False
2020-01-03,rally_attempt,True,10,2019-12-20,4,False,False,862.38,False,False,,False,,,4,False,False,False,899.3224,883.28,-0.017838319161181837,,False
2020-01-06,rally_attempt,True,11,2019-12-20,4,False,False,862.38,False,False,,False,,,5,True,False,False,898.2282,872.34,-0.028821406408749972,,False
2020-01-07,rally_attempt,True,12,2019-12-20,4,False,False,862.38,False,False,,False,,,5,False,False,False,897.2428,876.7,-0.022895474892637657,,False
2020-01-08,rally_attempt,True,13,2019-12-20,4,False,False,862.38,False,False,,False,,,5,True,False,False,896.067,865.18,-0.034469520694323186,,False
2020-01-09,rally_attempt,True,14,2019-12-20,4,False,False,862.38,False,False,,False,,,5,False,False,False,895.1208,877.76,-0.019394924126441948,,False
2020-01-10,rally_attempt,True,15,2019-12-20,4,False,False,862.38,False,False,,False,,,5,False,False,False,894.3775999999999,885.52,-0.009903646960746748,,False
2020-01-13,rally_attempt,True,16,2019-12-20,4,False,False,862.38,False,False,,False,,,4,False,False,False,893.3424,881.79,-0.012931659798079753,,False
2020-01-14,rally_attempt,True,17,2019-12-20,4,False,False,862.38,False,False,,False,,,3,False,False,False,892.2328,884.77,-0.008364184773301364,,False
2020-01-15,rally_attempt,True,18,2019-12-20,4,False,False,862.38,False,False,,False,,,3,False,False,False,891.0931999999999,885.36,-0.006433894905717885,,False
2020-01-16,rally_attempt,True,19,2019-12-20,4,False,False,862.38,False,False,,False,,,2,False,False,False,890.0848,891.96,0.002106765557618795,,False
2020-01-17,rally_attempt,True,20,2019-12-20,4,False,False,862.38,False,False,,False,,,2,False,False,False,889.0966000000001,894.84,0.0064598155026123205,,False
2020-01-20,rally_attempt,True,21,2019-12-20,4,False,False,862.38,False,False,,False,,,2,False,False,False,888.1505999999999,897.4,0.010414224794758953,,False
2020-01-21,rally_attempt,True,22,2019-12-20,4,False,False,862.38,False,False,,False,,,2,False,False,False,887.4866000000001,906.52,0.021446408317601584,,False
2020-01-22,rally_attempt,True,23,2019-12-20,4,False,False,862.38,False,False,,False,,,2,False,False,False,886.872,909.09,0.02505209319946977,,False
2020-01-30,rally_attempt,True,24,2019-12-20,4,False,False,862.38,False,False,,False,,,3,True,False,True,885.7364,875.82,-0.011195655953622263,,False
2020-01-31,downtrend,False,0,,4,True,False,,False,False,,False,,,4,True,False,False,884.1402,848.63,-0.04016353967391151,,False
2020-02-03,downtrend,False,0,,4,True,False,,False,False,,False,,,4,False,False,False,882.4464,842.67,-0.0450751456405738,,False
2020-02-04,rally_attempt,True,1,2020-02-04,5,False,True,833.93,False,False,,False,,,4,False,False,False,880.9378,845.52,-0.040204654630554004,,False
2020-02-05,rally_attempt,True,2,2020-02-04,5,False,False,833.93,False,False,,False,,,4,False,False,False,879.3226,845.31,-0.038680456979042765,,False
2020-02-06,uptrend_under_pressure,False,0,,5,False,False,,True,True,2020-02-06,False,842.68,862.86,4,False,True,False,878.2398,862.86,-0.017512073581725573,0.0,True
2020-02-07,uptrend_under_pressure,True,1,2020-02-07,6,False,True,858.02,True,True,2020-02-06,False,842.68,862.86,4,False,False,False,877.545,863.49,-0.016016272669777565,0.0007301300326820748,True
2020-02-10,uptrend_under_pressure,True,2,2020-02-07,6,False,False,858.02,True,True,2020-02-06,False,842.68,862.86,3,False,False,False,876.7561999999999,852.87,-0.027243833576540366,-0.011577776232529091,True
2020-02-11,uptrend_under_pressure,True,3,2020-02-07,6,False,False,858.02,True,True,2020-02-06,False,842.68,862.86,3,False,False,False,875.988,856.39,-0.022372452590674885,-0.007498319541988319,True
2020-02-12,uptrend_under_pressure,True,4,2020-02-07,6,False,False,858.02,True,True,2020-02-06,False,842.68,862.86,2,False,False,False,875.3026000000001,863.23,-0.013792487306675483,0.00042880652713073175,True
2020-02-13,uptrend_under_pressure,True,5,2020-02-07,6,False,False,858.02,True,True,2020-02-06,False,842.68,862.86,2,False,False,False,874.6845999999999,864.16,-0.012032451468792282,0.001506617527756493,True
2020-02-14,uptrend_under_pressure,True,6,2020-02-07,6,False,False,858.02,True,True,2020-02-06,False,842.68,862.86,2,False,False,False,874.2878,865.86,-0.009639617526402522,0.0034768096794381975,True
2020-02-17,uptrend_under_pressure,True,7,2020-02-07,6,False,False,858.02,True,True,2020-02-06,False,842.68,862.86,2,False,False,False,873.8637999999999,866.27,-0.008689912547012346,0.003951973668961273,True
2020-02-18,uptrend_under_pressure,True,8,2020-02-07,6,False,False,858.02,True,True,2020-02-06,False,842.68,862.86,3,True,False,False,873.596,861.71,-0.013605831528532564,-0.0013327770437846498,True
2020-02-19,uptrend_under_pressure,True,9,2020-02-07,6,False,False,858.02,True,True,2020-02-06,False,842.68,862.86,3,False,False,False,873.4992,863.84,-0.01105805248590952,0.0011357578286164127,True
2020-02-20,uptrend_under_pressure,True,10,2020-02-07,6,False,False,858.02,True,True,2020-02-06,False,842.68,862.86,3,False,False,False,873.2560000000001,871.4,-0.0021253790411976947,0.009897318220800644,True
2020-02-21,uptrend_under_pressure,True,11,2020-02-07,6,False,False,858.02,True,True,2020-02-06,False,842.68,862.86,4,True,False,False,873.0474,868.89,-0.004761940760604766,0.006988387455670653,True
2020-02-24,uptrend_under_pressure,True,12,2020-02-07,6,False,False,858.02,True,True,2020-02-06,False,842.68,862.86,5,True,False,False,872.1868000000001,837.4,-0.03988457518504074,-0.02950652481283178,True
2020-02-25,uptrend_under_pressure,True,13,2020-02-07,6,True,False,858.02,True,True,2020-02-06,False,842.68,862.86,5,False,False,False,871.5795999999999,849.58,-0.025241068056204963,-0.01539067751431289,True
2020-02-26,uptrend_under_pressure,True,14,2020-02-07,6,False,False,858.02,True,True,2020-02-06,False,842.68,862.86,5,False,False,False,870.95,841.68,-0.033606980882944004,-0.024546276336833373,True
2020-02-27,uptrend_under_pressure,True,15,2020-02-07,6,False,False,858.02,True,True,2020-02-06,False,842.68,862.86,4,False,False,False,870.3514,848.34,-0.025290244836740583,-0.016827758848480645,True
2020-02-28,uptrend_under_pressure,False,0,,6,True,False,,True,True,2020-02-06,False,842.68,862.86,4,True,False,False,869.2948000000001,831.97,-0.04293687250861278,-0.03579955033261473,True
2020-03-02,uptrend_under_pressure,True,1,2020-03-02,7,False,True,827.23,True,True,2020-02-06,False,842.68,862.86,4,False,False,False,868.3922,835.42,-0.0379692493783339,-0.031801219201261,True
2020-03-03,uptrend_under_pressure,True,2,2020-03-02,7,False,False,827.23,True,True,2020-02-06,False,842.68,862.86,4,False,False,False,867.6189999999999,837.99,-0.03414978233533372,-0.02882275224254227,True
2020-03-04,uptrend_under_pressure,True,3,2020-03-02,7,False,False,827.23,True,True,2020-02-06,False,842.68,862.86,4,False,False,False,867.03,837.99,-0.033493650738728675,-0.02882275224254227,True
2020-03-05,uptrend_under_pressure,True,4,2020-03-02,7,False,False,827.23,True,True,2020-02-06,False,842.68,862.86,4,False,False,False,866.5491999999999,839.12,-0.03165336717176581,-0.027513153929953904,True
2020-03-06,uptrend_under_pressure,True,5,2020-03-02,7,False,False,827.23,True,True,2020-02-06,False,842.68,862.86,4,False,False,False,866.0239999999999,835.97,-0.03470342623299105,-0.031163804093363945,True
2020-03-09,correction,False,0,,7,True,False,,True,False,2020-02-06,False,842.68,862.86,5,True,False,False,864.3136,782.85,-0.09425236395678593,,False
2020-03-10,correction,False,0,,7,True,False,,True,False,2020-02-06,False,842.68,862.86,5,False,False,False,862.7398,789.51,-0.08488051669808205,,False
2020-03-11,correction,False,0,,7,True,False,,True,False,2020-02-06,False,842.68,862.86,6,True,False,False,860.5053999999999,758.16,-0.1189363831999194,,False
2020-03-12,correction,False,0,,7,True,False,,True,False,2020-02-06,False,842.68,862.86,6,False,False,False,857.426,719.21,-0.16119875067935896,,False
2020-03-13,correction,False,0,,7,True,False,,True,False,2020-02-06,False,842.68,862.86,7,True,False,False,854.3176,716.65,-0.1611433499672721,,False
2020-03-16,correction,False,0,,7,False,False,,True,False,2020-02-06,False,842.68,862.86,7,False,False,False,850.7536,698.18,-0.17933935278087576,,False
2020-03-17,correction,False,0,,7,True,False,,True,False,2020-02-06,False,842.68,862.86,6,False,False,False,847.1424000000001,699.73,-0.17401135865705697,,False
2020-03-18,rally_attempt,True,1,2020-03-18,8,False,True,695.42,True,False,2020-02-06,False,842.68,862.86,6,False,False,False,843.5742,700.65,-0.1694269454897981,,False
2020-03-19,correction,False,0,,8,True,False,,True,False,2020-02-06,False,842.68,862.86,6,False,False,False,839.4276,679.55,-0.19046026125421656,,False
2020-03-20,correction,False,0,,8,True,False,,True,False,2020-02-06,False,842.68,862.86,6,True,False,False,835.2360000000001,673.7,-0.19340162540886652,,False
2020-03-23,correction,False,0,,8,True,False,,True,False,2020-02-06,False,842.68,862.86,6,True,False,False,830.4464,632.86,-0.2379279385159596,,False
2020-03-24,correction,False,0,,8,True,False,,True,False,2020-02-06,False,842.68,862.86,6,False,False,False,825.421,625.43,-0.24228969216920826,,False
2020-03-25,rally_attempt,True,1,2020-03-25,9,False,True,625.83,True,False,2020-02-06,False,842.68,862.86,6,False,False,False,821.1636,652.31,-0.20562723432943208,,False
2020-03-26,rally_attempt,True,2,2020-03-25,9,False,False,625.83,True,False,2020-02-06,False,842.68,862.86,6,False,False,False,816.5423999999999,646.7,-0.2080019359680525,,False
2020-03-27,rally_attempt,True,3,2020-03-25,9,False,False,625.83,True,False,2020-02-06,False,842.68,862.86,6,True,False,False,811.6766,642.23,-0.20876122337393976,,False
2020-03-30,correction,False,0,,9,True,False,,True,False,2020-02-06,False,842.68,862.86,6,False,False,False,806.3012,613.02,-0.2397133974251806,,False
2020-03-31,correction,False,0,,9,True,False,,True,False,2020-02-06,False,842.68,862.86,6,False,False,False,800.821,610.76,-0.23733268732962798,,False
2020-04-01,rally_attempt,True,1,2020-04-01,10,False,True,606.03,True,False,2020-02-06,False,842.68,862.86,6,False,False,False,795.6896,628.79,-0.20975465809783123,,False
2020-04-03,rally_attempt,True,2,2020-04-01,10,False,False,606.03,True,False,2020-02-06,False,842.68,862.86,6,False,False,False,790.8334000000001,649.15,-0.17915707657263857,,False
2020-04-06,confirmed_uptrend,False,0,,10,False,False,,True,True,2020-04-06,False,649.81,682.65,6,False,True,False,786.5895999999999,682.65,-0.13213955536661037,0.0,True
2020-04-07,uptrend_under_pressure,True,1,2020-04-07,11,False,True,677.03,True,True,2020-04-06,False,649.81,682.65,5,False,False,False,782.5138,693.61,-0.11361307621667494,0.01605507946971363,True
2020-04-08,uptrend_under_pressure,True,2,2020-04-07,11,False,False,677.03,True,True,2020-04-06,False,649.81,682.65,5,False,False,False,778.2068,691.17,-0.11184276467386312,0.01248077345638321,True
2020-04-09,uptrend_under_pressure,True,3,2020-04-07,11,False,False,677.03,True,True,2020-04-06,False,649.81,682.65,4,False,False,False,773.982,697.85,-0.09836404464186499,0.022266168607632197,True
2020-04-10,uptrend_under_pressure,True,4,2020-04-07,11,False,False,677.03,True,True,2020-04-06,False,649.81,682.65,5,True,False,False,770.3803999999999,695.74,-0.09688771936565355,0.019175272833809487,True
2020-04-13,uptrend_under_pressure,True,5,2020-04-07,11,False,False,677.03,True,True,2020-04-06,False,649.81,682.65,4,False,False,False,767.5352,706.37,-0.07969041680433686,0.034746942064015185,True
2020-04-14,uptrend_under_pressure,True,6,2020-04-07,11,False,False,677.03,True,True,2020-04-06,False,649.81,682.65,4,False,False,False,764.9580000000001,713.81,-0.06686380167277173,0.04564564564564555,True
2020-04-15,uptrend_under_pressure,True,7,2020-04-07,11,False,False,677.03,True,True,2020-04-06,False,649.81,682.65,4,False,False,False,762.5036,722.8,-0.05207004924304626,0.058814912473448944,True
2020-04-16,uptrend_under_pressure,True,8,2020-04-07,11,False,False,677.03,True,True,2020-04-06,False,649.81,682.65,4,False,False,False,760.1288000000001,726.57,-0.04414883372396894,0.06433750823994733,True
2020-04-17,uptrend_under_pressure,True,9,2020-04-07,11,False,False,677.03,True,True,2020-04-06,False,649.81,682.65,4,False,False,False,757.5712,734.98,-0.029820563400509315,0.0766571449498279,True
2020-04-20,uptrend_under_pressure,True,10,2020-04-07,11,False,False,677.03,True,True,2020-04-06,False,649.81,682.65,3,False,False,False,755.0276000000001,736.31,-0.024790616925792097,0.07860543470299564,True
2020-04-21,uptrend_under_pressure,True,11,2020-04-07,11,False,False,677.03,True,True,2020-04-06,False,649.81,682.65,3,True,False,False,752.1031999999999,706.65,-0.06043479139564878,0.035157108327840136,True
2020-04-22,uptrend_under_pressure,True,12,2020-04-07,11,False,False,677.03,True,True,2020-04-06,False,649.81,682.65,3,False,False,False,749.2638000000001,714.42,-0.04650404837388389,0.04653922214897821,True
2020-04-23,uptrend_under_pressure,True,13,2020-04-07,11,False,False,677.03,True,True,2020-04-06,False,649.81,682.65,3,False,False,False,746.3489999999999,717.49,-0.03866689712185578,0.05103640225591444,True
2020-04-24,uptrend_under_pressure,True,14,2020-04-07,11,False,False,677.03,True,True,2020-04-06,False,649.81,682.65,3,False,False,False,743.5668000000001,725.05,-0.02490267182450867,0.06211089137918413,True
2020-04-27,uptrend_under_pressure,True,15,2020-04-07,11,False,False,677.03,True,True,2020-04-06,False,649.81,682.65,3,True,False,False,740.6428,719.66,-0.028330525862129474,0.05421519080055659,True
2020-04-28,uptrend_under_pressure,True,16,2020-04-07,11,False,False,677.03,True,True,2020-04-06,False,649.81,682.65,3,False,False,False,737.6322,715.74,-0.029679018893155718,0.04847286310700949,True
2020-04-29,uptrend_under_pressure,True,17,2020-04-07,11,False,False,677.03,True,True,2020-04-06,False,649.81,682.65,3,False,False,False,734.7045999999999,715.33,-0.026370598469098838,0.04787226250640897,True
2020-05-04,uptrend_under_pressure,True,18,2020-04-07,11,False,False,677.03,True,True,2020-04-06,False,649.81,682.65,3,False,False,False,731.6148,709.35,-0.030432407873651424,0.03911228301472214,True
2020-05-05,uptrend_under_pressure,True,19,2020-04-07,11,False,False,677.03,True,True,2020-04-06,False,649.81,682.65,3,False,False,False,728.4069999999999,711.01,-0.023883625500578542,0.04154398300739759,True
2020-05-06,uptrend_under_pressure,True,20,2020-04-07,11,False,False,677.03,True,True,2020-04-06,False,649.81,682.65,3,False,False,False,725.548,725.94,0.0005402812770485266,0.06341463414634152,True
2020-05-07,uptrend_under_pressure,True,21,2020-04-07,11,False,False,677.03,True,True,2020-04-06,False,649.81,682.65,3,False,False,False,723.5995999999999,739.98,0.022637381225749875,0.08398154251812784,True
2020-05-08,uptrend_under_pressure,True,22,2020-04-07,11,False,False,677.03,True,True,2020-04-06,False,649.81,682.65,3,False,False,False,721.811,760.15,0.05311501210150582,0.11352816230865015,True
2020-05-11,uptrend_under_pressure,True,23,2020-04-07,11,False,False,677.03,True,True,2020-04-06,False,649.81,682.65,3,False,False,False,720.52,777.13,0.07856825625936836,0.1384018164505969,True
2020-05-12,uptrend_under_pressure,True,24,2020-04-07,11,False,False,677.03,True,True,2020-04-06,False,649.81,682.65,2,False,False,False,719.2022000000001,782.45,0.08794161085714136,0.14619497546326832,True
2020-05-13,uptrend_under_pressure,True,25,2020-04-07,11,False,False,677.03,True,True,2020-04-06,False,649.81,682.65,2,False,False,False,718.2366000000001,783.69,0.09113069425868847,0.14801142606020656,True
2020-05-14,uptrend_under_pressure,True,26,2020-04-07,11,False,False,677.03,True,True,2020-04-06,False,649.81,682.65,3,True,False,False,717.1428,780.73,0.08866741742369877,0.14367538269977298,True
2020-05-15,uptrend_under_pressure,True,27,2020-04-07,11,False,False,677.03,True,True,2020-04-06,False,649.81,682.65,3,False,False,False,715.862,773.95,0.08114413113141938,0.13374349959715826,True
2020-05-18,uptrend_under_pressure,True,28,2020-04-07,11,False,False,677.03,True,True,2020-04-06,False,649.81,682.65,3,False,False,False,714.8475999999999,787.27,0.10131166419247961,0.15325569471910927,True
2020-05-19,uptrend_under_pressure,True,29,2020-04-07,11,False,False,677.03,True,True,2020-04-06,False,649.81,682.65,3,False,False,False,714.0514,799.31,0.11940120837239454,0.17089284406357574,True
2020-05-20,uptrend_under_pressure,True,30,2020-04-07,11,False,False,677.03,True,True,2020-04-06,False,649.81,682.65,3,False,False,False,713.3983999999999,803.32,0.12604682040217652,0.17676701091335256,True
2020-05-21,uptrend_under_pressure,True,31,2020-04-07,11,False,False,677.03,True,True,2020-04-06,False,649.81,682.65,2,False,False,False,714.0524,815.55,0.1421430696122581,0.19468248736541427,True
2020-05-22,uptrend_under_pressure,True,32,2020-04-07,11,False,False,677.03,True,True,2020-04-06,False,649.81,682.65,2,False,False,False,714.325,803.14,0.12433416162111066,0.17650333260089357,True
2020-05-25,uptrend_under_pressure,True,33,2020-04-07,11,False,False,677.03,True,True,2020-04-06,False,649.81,682.65,2,False,False,False,715.3068000000001,807.25,0.12853673416777234,0.18252398740203613,True
2020-05-26,uptrend_under_pressure,True,34,2020-04-07,11,False,False,677.03,True,True,2020-04-06,False,649.81,682.65,2,False,False,False,717.2228,815.01,0.13634145484499371,0.19389145242803774,True
2020-05-27,uptrend_under_pressure,True,35,2020-04-07,11,False,False,677.03,True,True,2020-04-06,False,649.81,682.65,2,True,False,False,718.9170000000001,801.36,0.11467665947529393,0.1738958470665788,True
2020-05-28,uptrend_under_pressure,True,36,2020-04-07,11,False,False,677.03,True,True,2020-04-06,False,649.81,682.65,2,False,False,False,721.0346000000001,804.06,0.11514759485883186,0.1778510217534608,True
2020-05-29,uptrend_under_pressure,True,37,2020-04-07,11,False,False,677.03,True,True,2020-04-06,False,649.81,682.65,2,False,False,False,723.1646,806.23,0.11486375301003404,0.18102981029810294,True
2020-06-01,uptrend_under_pressure,True,38,2020-04-07,11,False,False,677.03,True,True,2020-04-06,False,649.81,682.65,2,False,False,False,725.5809999999999,821.47,0.13215478354587584,0.20335457408628144,True
2020-06-02,uptrend_under_pressure,True,39,2020-04-07,11,False,False,677.03,True,True,2020-04-06,False,649.81,682.65,2,False,False,False,728.364,818.7,0.12402589913834294,0.1992968578334433,True
2020-06-03,uptrend_under_pressure,True,40,2020-04-07,11,False,False,677.03,True,True,2020-04-06,False,649.81,682.65,2,False,False,False,731.3758,824.29,0.1270402985715413,0.20748553431480254,True
2020-06-04,uptrend_under_pressure,True,41,2020-04-07,11,False,False,677.03,True,True,2020-04-06,False,649.81,682.65,2,False,False,False,735.194,823.77,0.12047976452473774,0.20672379696769938,True
2020-06-05,uptrend_under_pressure,True,42,2020-04-07,11,False,False,677.03,True,True,2020-04-06,False,649.81,682.65,2,False,False,False,739.2148,826.47,0.11803767998151571,0.21067897165458138,True
2020-06-08,uptrend_under_pressure,True,43,2020-04-07,11,False,False,677.03,True,True,2020-04-06,False,649.81,682.65,2,False,False,False,742.939,838.52,0.12865255424738775,0.22833076979418454,True
2020-06-09,uptrend_under_pressure,True,44,2020-04-07,11,False,False,677.03,True,True,2020-04-06,False,649.81,682.65,2,False,False,False,746.7454000000001,837.02,0.12089073464664102,0.2261334505236945,True
2020-06-10,uptrend_under_pressure,True,45,2020-04-07,11,False,False,677.03,True,True,2020-04-06,False,649.81,682.65,2,False,False,False,750.683,839.11,0.1177953943275658,0.22919504870724383,True
2020-06-11,uptrend_under_pressure,True,46,2020-04-07,11,False,False,677.03,True,True,2020-04-06,False,649.81,682.65,2,True,False,False,754.56,806.87,0.06932516963528412,0.18196733318684544,True
2020-06-12,uptrend_under_pressure,True,47,2020-04-07,11,False,False,677.03,True,True,2020-04-06,False,649.81,682.65,2,False,False,False,758.5,807.76,0.06494396835860239,0.18327107595400283,True
2020-06-15,uptrend_under_pressure,True,48,2020-04-07,11,False,False,677.03,True,True,2020-04-06,False,649.81,682.65,3,True,False,False,761.4984,778.71,0.022602279925998614,0.14071632608217977,True
2020-06-16,uptrend_under_pressure,True,49,2020-04-07,11,False,False,677.03,True,True,2020-04-06,False,649.81,682.65,3,False,False,False,764.4917999999999,798.82,0.044903293926763066,0.1701750531018824,True
2020-06-17,uptrend_under_pressure,True,50,2020-04-07,11,False,False,677.03,True,True,2020-04-06,False,649.81,682.65,3,False,False,False,766.7674000000001,796.43,0.03868526491867019,0.16667399106423497,True
2020-06-18,uptrend_under_pressure,True,51,2020-04-07,11,False,False,677.03,True,True,2020-04-06,False,649.81,682.65,3,False,False,False,768.8368,797.08,0.03673497418437832,0.16762616274811415,True
2020-06-19,uptrend_under_pressure,True,52,2020-04-07,11,False,False,677.03,True,True,2020-04-06,False,649.81,682.65,3,False,False,False,771.179,808.28,0.04810945318791093,0.184032813301106,True
2020-06-22,uptrend_under_pressure,True,53,2020-04-07,11,False,False,677.03,True,True,2020-04-06,False,649.81,682.65,3,False,False,False,773.4214,809.97,0.047255739238661,0.1865084596791915,True
2020-06-23,uptrend_under_pressure,True,54,2020-04-07,11,False,False,677.03,True,True,2020-04-06,False,649.81,682.65,4,True,False,False,775.6588,807.61,0.04119233869325023,0.1830513440269539,True
2020-06-24,uptrend_under_pressure,True,55,2020-04-07,11,False,False,677.03,True,True,2020-04-06,False,649.81,682.65,3,False,False,False,777.5637999999999,801.62,0.030937911461413226,0.17427671574013037,True
2020-06-25,uptrend_under_pressure,True,56,2020-04-07,11,False,False,677.03,True,True,2020-04-06,False,649.81,682.65,4,True,False,False,779.2178,796.51,0.022191741513091667,0.16679118142532778,True
2020-06-26,uptrend_under_pressure,True,57,2020-04-07,11,False,False,677.03,True,True,2020-04-06,False,649.81,682.65,4,False,False,False,780.6723999999999,795.53,0.019031798741700134,0.1653555995019409,True
2020-06-29,uptrend_under_pressure,True,58,2020-04-07,11,True,False,677.03,True,True,2020-04-06,False,649.81,682.65,5,True,False,True,781.6372,774.81,-0.008734487048467021,0.1350032959789056,True
2020-06-30,uptrend_under_pressure,False,0,,11,True,False,,True,True,2020-04-06,False,649.81,682.65,5,False,False,False,782.3482,770.53,-0.01510606146981619,0.12873361166044095,True
2020-07-01,uptrend_under_pressure,True,1,2020-07-01,12,False,True,770.02,True,True,2020-04-06,False,649.81,682.65,5,False,False,False,783.3584,786.82,0.004418922424269667,0.15259649893796245,True
2020-07-02,uptrend_under_pressure,True,2,2020-07-01,12,False,False,770.02,True,True,2020-04-06,False,649.81,682.65,5,False,False,False,784.9372,785.59,0.0008316588893990673,0.15079469713616067,True
2020-07-03,uptrend_under_pressure,True,3,2020-07-01,12,False,False,770.02,True,True,2020-04-06,False,649.81,682.65,5,False,False,False,786.4462,789.87,0.004353508224720359,0.1570643814546253,True
2020-07-06,uptrend_under_pressure,True,4,2020-07-01,12,False,False,770.02,True,True,2020-04-06,False,649.81,682.65,5,False,False,False,788.1655999999999,803.46,0.019405059038354544,0.17697209404526482,True
2020-07-07,uptrend_under_pressure,True,5,2020-07-01,12,False,False,770.02,True,True,2020-04-06,False,649.81,682.65,5,False,False,False,789.7782,805.68,0.020134513715369673,0.18022412656558995,True
2020-07-08,uptrend_under_pressure,True,6,2020-07-01,12,False,False,770.02,True,True,2020-04-06,False,649.81,682.65,5,False,False,False,791.4861999999999,805.06,0.01714976205523233,0.17931590126712083,True
2020-07-09,uptrend_under_pressure,True,7,2020-07-01,12,False,False,770.02,True,True,2020-04-06,False,649.81,682.65,4,False,False,False,793.513,817.08,0.029699576440461506,0.19692375302131415,True
2020-07-10,uptrend_under_pressure,True,8,2020-07-01,12,False,False,770.02,True,True,2020-04-06,False,649.81,682.65,4,False,False,False,795.3868000000001,809.02,0.01714033976927931,0.18511682414121444,True
2020-07-13,uptrend_under_pressure,True,9,2020-07-01,12,False,False,770.02,True,True,2020-04-06,False,649.81,682.65,3,False,False,False,797.3232,806.17,0.011095625964476996,0.18094191752728328,True
2020-07-14,uptrend_under_pressure,True,10,2020-07-01,12,False,False,770.02,True,True,2020-04-06,False,649.81,682.65,3,False,False,False,799.2103999999999,805.37,0.007707106914524697,0.1797700139163554,True
2020-07-15,uptrend_under_pressure,True,11,2020-07-01,12,False,False,770.02,True,True,2020-04-06,False,649.81,682.65,3,False,False,False,800.8947999999999,810.16,0.011568560565008212,0.18678678678678673,True
2020-07-16,uptrend_under_pressure,True,12,2020-07-01,12,False,False,770.02,True,True,2020-04-06,False,649.81,682.65,3,False,False,False,802.4918000000001,819.83,0.021605454410873692,0.20095217168387913,True
2020-07-17,uptrend_under_pressure,True,13,2020-07-01,12,False,False,770.02,True,True,2020-04-06,False,649.81,682.65,4,True,False,False,803.572,814.16,0.01317616840805802,0.19264630484142686,True
2020-07-20,uptrend_under_pressure,True,14,2020-07-01,12,False,False,770.02,True,True,2020-04-06,False,649.81,682.65,5,True,False,True,804.0966000000001,803.36,-0.000916059090412813,0.17682560609389886,True
2020-07-21,uptrend_under_pressure,True,15,2020-07-01,12,False,False,770.02,True,True,2020-04-06,False,649.81,682.65,4,False,False,False,804.5416,804.7,0.00019688229918757294,0.17878854464220328,True
2020-07-22,uptrend_under_pressure,True,16,2020-07-01,12,False,False,770.02,True,True,2020-04-06,False,649.81,682.65,5,True,False,True,804.8248,797.85,-0.008666233943089185,0.1687541199736322,True
2020-07-23,uptrend_under_pressure,True,17,2020-07-01,12,False,False,770.02,True,True,2020-04-06,False,649.81,682.65,4,False,False,False,805.216,800.29,-0.006117613162182622,0.17232842598696263,True
2020-07-24,uptrend_under_pressure,False,0,,12,True,False,,True,True,2020-04-06,False,649.81,682.65,5,True,False,False,805.1828000000002,772.29,-0.04085134456424078,0.13131179960448258,True
2020-07-27,uptrend_under_pressure,False,0,,12,True,False,,True,True,2020-04-06,False,649.81,682.65,4,False,False,False,804.036,729.93,-0.09216751488739305,0.06925950340584475,True
2020-07-28,uptrend_under_pressure,True,1,2020-07-28,13,False,True,730.55,True,True,2020-04-06,False,649.81,682.65,4,False,False,False,803.1732000000001,756.17,-0.05852187299078215,0.10769794184428338,True
2020-07-29,uptrend_under_pressure,False,0,,13,True,False,,True,True,2020-04-06,False,649.81,682.65,4,False,False,False,801.81,735.16,-0.08312443097491917,0.07692082326228666,True
2020-07-30,uptrend_under_pressure,True,1,2020-07-30,14,False,True,735.3,True,True,2020-04-06,False,649.81,682.65,4,False,False,False,800.4194,746.02,-0.06796362007217716,0.09282941478063433,True
2020-07-31,uptrend_under_pressure,True,2,2020-07-30,14,False,False,735.3,True,True,2020-04-06,False,649.81,682.65,5,True,False,False,799.1712,740.73,-0.0731272598411955,0.08508020215337297,True
2020-08-03,uptrend_under_pressure,True,3,2020-07-30,14,False,False,735.3,True,True,2020-04-06,False,649.81,682.65,5,False,False,False,798.1834,757.86,-0.05051896594191263,0.11017358822236867,True
2020-08-04,uptrend_under_pressure,True,4,2020-07-30,14,False,False,735.3,True,True,2020-04-06,False,649.81,682.65,5,False,False,False,797.2475999999999,768.22,-0.03640976780613692,0.12534973998388632,True
2020-08-05,uptrend_under_pressure,True,5,2020-07-30,14,False,False,735.3,True,True,2020-04-06,False,649.81,682.65,5,False,False,False,796.8345999999999,780.71,-0.020235818073160772,0.14364608510949983,True
2020-08-06,uptrend_under_pressure,True,6,2020-07-30,14,False,False,735.3,True,True,2020-04-06,False,649.81,682.65,5,False,False,False,796.3853999999999,781.6,-0.018565634176618384,0.14494982787665722,True
2020-08-07,uptrend_under_pressure,True,7,2020-07-30,14,False,False,735.3,True,True,2020-04-06,False,649.81,682.65,5,False,False,False,795.9038,782.15,-0.017280731666314497,0.14575551160917022,True
2020-08-10,uptrend_under_pressure,True,8,2020-07-30,14,False,False,735.3,True,True,2020-04-06,False,649.81,682.65,5,False,False,False,795.1604000000001,784.3,-0.013658124826135931,0.14890500256353922,True
2020-08-11,uptrend_under_pressure,True,9,2020-07-30,14,False,False,735.3,True,True,2020-04-06,False,649.81,682.65,5,False,False,False,794.4778,784.57,-0.012470833042786067,0.1493005200322275,True
2020-08-12,uptrend_under_pressure,True,10,2020-07-30,14,False,False,735.3,True,True,2020-04-06,False,649.81,682.65,5,False,False,False,793.7603999999999,788.42,-0.006727974839762618,0.15494030615981824,True
2020-08-13,uptrend_under_pressure,True,11,2020-07-30,14,False,False,735.3,True,True,2020-04-06,False,649.81,682.65,5,False,False,False,793.1868,795.09,0.002399434786358068,0.16471105251593054,True
2020-08-14,uptrend_under_pressure,True,12,2020-07-30,14,False,False,735.3,True,True,2020-04-06,False,649.81,682.65,5,True,False,True,792.497,791.98,-0.000652368400132719,0.16015527722844802,True
2020-08-17,uptrend_under_pressure,True,13,2020-07-30,14,False,False,735.3,True,True,2020-04-06,False,649.81,682.65,4,False,False,False,791.5574,791.54,-2.198198134473195e-05,0.15951073024243745,True
2020-08-18,uptrend_under_pressure,True,14,2020-07-30,14,False,False,735.3,True,True,2020-04-06,False,649.81,682.65,4,False,False,False,790.5559999999999,786.95,-0.004561346697766977,0.15278693327473825,True
2020-08-19,uptrend_under_pressure,True,15,2020-07-30,14,False,False,735.3,True,True,2020-04-06,False,649.81,682.65,3,False,False,False,789.562,789.41,-0.000192511797680317,0.1563905368783418,True
2020-08-20,uptrend_under_pressure,True,16,2020-07-30,14,False,False,735.3,True,True,2020-04-06,False,649.81,682.65,4,True,False,False,789.1468000000001,786.11,-0.003848206696143386,0.15155643448326384,True
2020-08-21,uptrend_under_pressure,True,17,2020-07-30,14,False,False,735.3,True,True,2020-04-06,False,649.81,682.65,3,False,False,False,788.8636,793.6,0.006004079792754968,0.16252838204057718,True
2020-08-24,uptrend_under_pressure,True,18,2020-07-30,14,False,False,735.3,True,True,2020-04-06,False,649.81,682.65,3,False,False,False,789.4832000000001,809.69,0.025594971495276786,0.18609829341536677,True
2020-08-25,uptrend_under_pressure,True,19,2020-07-30,14,False,False,735.3,True,True,2020-04-06,False,649.81,682.65,3,False,False,False,789.8104000000001,815.18,0.032121126791949006,0.19414048194536004,True
2020-08-26,uptrend_under_pressure,True,20,2020-07-30,14,False,False,735.3,True,True,2020-04-06,False,649.81,682.65,3,False,False,False,790.1290000000001,812.36,0.028135911983992345,0.19000952171683894,True
2020-08-27,uptrend_under_pressure,True,21,2020-07-30,14,False,False,735.3,True,True,2020-04-06,False,649.81,682.65,3,False,False,False,790.4784,814.55,0.0304519389777127,0.19321760785175424,True
2020-08-28,uptrend_under_pressure,True,22,2020-07-30,14,False,False,735.3,True,True,2020-04-06,False,649.81,682.65,2,False,False,False,790.7514,821.93,0.03942907973352927,0.20402841866256494,True
2020-08-31,uptrend_under_pressure,True,23,2020-07-30,14,False,False,735.3,True,True,2020-04-06,False,649.81,682.65,2,False,False,False,791.0305999999999,823.93,0.04159055288126656,0.206958177689885,True
2020-09-01,uptrend_under_pressure,True,24,2020-07-30,14,False,False,735.3,True,True,2020-04-06,False,649.81,682.65,2,False,False,False,791.5189999999999,832.03,0.05118133613975173,0.218823701750531,True
2020-09-03,uptrend_under_pressure,True,25,2020-07-30,14,False,False,735.3,True,True,2020-04-06,False,649.81,682.65,2,False,False,False,792.3594,843.64,0.0647188636873619,0.2358309529041236,True
2020-09-04,uptrend_under_pressure,True,26,2020-07-30,14,False,False,735.3,True,True,2020-04-06,False,649.81,682.65,2,False,False,False,793.24,840.54,0.059628863899954476,0.23128982641177753,True
2020-09-07,uptrend_under_pressure,True,27,2020-07-30,14,False,False,735.3,True,True,2020-04-06,False,649.81,682.65,3,True,False,False,793.8166,824.36,0.038476645613105154,0.2075880758807589,True
2020-09-08,uptrend_under_pressure,True,28,2020-07-30,14,False,False,735.3,True,True,2020-04-06,False,649.81,682.65,3,False,False,False,794.8717999999999,827.57,0.041136444895894186,0.2122903391196076,True
2020-09-09,uptrend_under_pressure,True,29,2020-07-30,14,False,False,735.3,True,True,2020-04-06,False,649.81,682.65,3,False,False,False,795.9495999999999,824.42,0.035769098947973754,0.20767596865157834,True
2020-09-10,uptrend_under_pressure,True,30,2020-07-30,14,False,False,735.3,True,True,2020-04-06,False,649.81,682.65,3,False,False,False,796.7302000000001,825.85,0.03654913545388383,0.20977074635611226,True
2020-09-11,uptrend_under_pressure,True,31,2020-07-30,14,False,False,735.3,True,True,2020-04-06,False,649.81,682.65,3,False,False,False,797.5296000000001,825.56,0.035146532492336124,0.20934593129715084,True
2020-09-14,uptrend_under_pressure,True,32,2020-07-30,14,False,False,735.3,True,True,2020-04-06,False,649.81,682.65,2,False,False,False,798.377,832.24,0.04241479902351908,0.2191313264483996,True
2020-09-15,uptrend_under_pressure,True,33,2020-07-30,14,False,False,735.3,True,True,2020-04-06,False,649.81,682.65,2,False,False,False,798.9744000000001,833.33,0.04299962551991654,0.22072804511828914,True
2020-09-16,uptrend_under_pressure,True,34,2020-07-30,14,False,False,735.3,True,True,2020-04-06,False,649.81,682.65,2,False,False,False,799.5508,834.5,0.04371104375106616,0.22244195414927126,True
2020-09-17,uptrend_under_pressure,True,35,2020-07-30,14,False,False,735.3,True,True,2020-04-06,False,649.81,682.65,3,True,False,False,800.0864,831.84,0.039687713726917595,0.21854537464293577,True
2020-09-18,uptrend_under_pressure,True,36,2020-07-30,14,False,False,735.3,True,True,2020-04-06,False,649.81,682.65,2,False,False,False,800.57,841.26,0.050826286271031806,0.23234453966161284,True
2020-09-21,uptrend_under_pressure,True,37,2020-07-30,14,False,False,735.3,True,True,2020-04-06,False,649.81,682.65,2,False,False,False,801.4204,851.54,0.06253846295901622,0.24740350106203768,True
2020-09-22,uptrend_under_pressure,True,38,2020-07-30,14,False,False,735.3,True,True,2020-04-06,False,649.81,682.65,2,False,False,False,802.3514,852.72,0.06277623495141915,0.24913205888815648,True
2020-09-23,uptrend_under_pressure,True,39,2020-07-30,14,False,False,735.3,True,True,2020-04-06,False,649.81,682.65,2,False,False,False,803.41,858.3,0.06832128054169107,0.25730608657437926,True
2020-09-24,uptrend_under_pressure,True,40,2020-07-30,14,False,False,735.3,True,True,2020-04-06,False,649.81,682.65,2,False,False,False,804.2710000000001,853.21,0.06084889297264229,0.24984984984985004,True
2020-09-25,uptrend_under_pressure,True,41,2020-07-30,14,False,False,735.3,True,True,2020-04-06,False,649.81,682.65,2,False,False,False,804.9686,854.71,0.06179296931582168,0.25204716912033986,True
2020-09-28,uptrend_under_pressure,True,42,2020-07-30,14,False,False,735.3,True,True,2020-04-06,False,649.81,682.65,2,False,False,False,805.9516,863.31,0.07116854163451003,0.2646451329378159,True
2020-09-29,uptrend_under_pressure,True,43,2020-07-30,14,False,False,735.3,True,True,2020-04-06,False,649.81,682.65,2,False,False,False,807.0083999999999,856.2,0.060955499347962405,0.25422983959569345,True
2020-09-30,uptrend_under_pressure,True,44,2020-07-30,14,False,False,735.3,True,True,2020-04-06,False,649.81,682.65,2,False,False,False,808.0851999999999,858.54,0.06243747565232005,0.2576576576576577,True
2020-10-01,uptrend_under_pressure,True,45,2020-07-30,14,False,False,735.3,True,True,2020-04-06,False,649.81,682.65,2,False,False,False,809.4798,867.58,0.07177473730660111,0.27090016846114406,True
2020-10-02,uptrend_under_pressure,True,46,2020-07-30,14,False,False,735.3,True,True,2020-04-06,False,649.81,682.65,3,True,False,False,810.7042,861.51,0.06266872676865365,0.26200834981322796,True
2020-10-05,uptrend_under_pressure,True,47,2020-07-30,14,False,False,735.3,True,True,2020-04-06,False,649.81,682.65,2,False,False,False,812.6123999999999,867.7,0.06779074500955207,0.2710759540027834,True
2020-10-06,uptrend_under_pressure,True,48,2020-07-30,14,False,False,735.3,True,True,2020-04-06,False,649.81,682.65,2,False,False,False,815.4412000000001,871.37,0.06858716483788152,0.2764520618179156,True
2020-10-07,uptrend_under_pressure,True,49,2020-07-30,14,False,False,735.3,True,True,2020-04-06,False,649.81,682.65,2,False,False,False,817.7348,870.85,0.06495406579247942,0.27569032447081243,True
2020-10-08,uptrend_under_pressure,True,50,2020-07-30,14,False,False,735.3,True,True,2020-04-06,False,649.81,682.65,2,False,False,False,820.428,869.82,0.06020272345653743,0.27418149857174257,True
2020-10-09,uptrend_under_pressure,True,51,2020-07-30,14,False,False,735.3,True,True,2020-04-06,False,649.81,682.65,2,False,False,False,822.9981999999999,874.53,0.06261471774786398,0.2810810810810811,True
2020-10-12,uptrend_under_pressure,True,52,2020-07-30,14,False,False,735.3,True,True,2020-04-06,False,649.81,682.65,2,False,False,False,825.6816,874.9,0.059609418448951734,0.2816230865011353,True
2020-10-13,uptrend_under_pressure,True,53,2020-07-30,14,False,False,735.3,True,True,2020-04-06,False,649.81,682.65,2,False,False,False,828.0914,878.35,0.06069209268445497,0.28667692082326246,True
2020-10-14,uptrend_under_pressure,True,54,2020-07-30,14,False,False,735.3,True,True,2020-04-06,False,649.81,682.65,2,False,False,False,830.57,892.15,0.07414185438915433,0.30689225811177034,True
2020-10-15,uptrend_under_pressure,True,55,2020-07-30,14,False,False,735.3,True,True,2020-04-06,False,649.81,682.65,1,False,False,False,832.9398,899.2,0.07954980660066924,0.31721965868307334,True
2020-10-16,uptrend_under_pressure,True,56,2020-07-30,14,False,False,735.3,True,True,2020-04-06,False,649.81,682.65,1,False,False,False,835.3396,901.59,0.07930954069458696,0.3207207207207208,True
2020-10-19,uptrend_under_pressure,True,57,2020-07-30,14,False,False,735.3,True,True,2020-04-06,False,649.81,682.65,1,False,False,False,837.7668000000001,903.51,0.07847434393437402,0.32353328938694803,True
2020-10-20,uptrend_under_pressure,True,58,2020-07-30,14,False,False,735.3,True,True,2020-04-06,False,649.81,682.65,1,False,False,False,840.2706,909.49,0.08237751029251772,0.33229326887863486,True
2020-10-21,uptrend_under_pressure,True,59,2020-07-30,14,False,False,735.3,True,True,2020-04-06,False,649.81,682.65,1,False,False,False,842.7012,906.1,0.07523283460377184,0.3273273273273274,True
2020-10-22,uptrend_under_pressure,True,60,2020-07-30,14,False,False,735.3,True,True,2020-04-06,False,649.81,682.65,1,False,False,False,845.2988,918.3,0.08636141444894974,0.34519885739397926,True
2020-10-23,uptrend_under_pressure,True,61,2020-07-30,14,False,False,735.3,True,True,2020-04-06,False,649.81,682.65,1,False,False,False,848.003,930.3,0.09704800572639471,0.36277741155789944,True
2020-10-26,uptrend_under_pressure,True,62,2020-07-30,14,False,False,735.3,True,True,2020-04-06,False,649.81,682.65,1,False,False,False,850.5546,919.56,0.08112988866323212,0.3470446055811909,True
2020-10-27,uptrend_under_pressure,True,63,2020-07-30,14,False,False,735.3,True,True,2020-04-06,False,649.81,682.65,2,True,False,False,853.033,915.46,0.07318239739845933,0.341038599575185,True
2020-10-28,uptrend_under_pressure,True,64,2020-07-30,14,False,False,735.3,True,True,2020-04-06,False,649.81,682.65,2,False,False,False,855.0716,888.88,0.03953867722890103,0.3021021021021022,True
2020-10-29,uptrend_under_pressure,True,65,2020-07-30,14,False,False,735.3,True,True,2020-04-06,False,649.81,682.65,2,False,False,False,857.0169999999999,886.68,0.03461191551626164,0.29887936717205,True
2020-10-30,uptrend_under_pressure,True,66,2020-07-30,14,False,False,735.3,True,True,2020-04-06,False,649.81,682.65,1,False,False,False,859.1458,892.55,0.038880711516019684,0.3074782099172342,True
2020-11-02,uptrend_under_pressure,True,67,2020-07-30,14,False,False,735.3,True,True,2020-04-06,False,649.81,682.65,1,False,False,False,861.2592,899.27,0.04413398428719262,0.31732220024902946,True
2020-11-03,uptrend_under_pressure,True,68,2020-07-30,14,False,False,735.3,True,True,2020-04-06,False,649.81,682.65,1,False,False,False,863.1081999999999,902.14,0.045222371888020696,0.32152640445323377,True
2020-11-04,uptrend_under_pressure,True,69,2020-07-30,14,False,False,735.3,True,True,2020-04-06,False,649.81,682.65,1,False,False,False,864.9141999999999,905.48,0.04690153081080184,0.32641910202885827,True
2020-11-05,uptrend_under_pressure,True,70,2020-07-30,14,False,False,735.3,True,True,2020-04-06,False,649.81,682.65,1,False,False,False,866.7398,903.64,0.042573561292558626,0.3237237237237238,True
2020-11-06,uptrend_under_pressure,True,71,2020-07-30,14,False,False,735.3,True,True,2020-04-06,False,649.81,682.65,1,False,False,False,868.507,902.91,0.03961165540404399,0.32265436167875183,True
2020-11-09,uptrend_under_pressure,True,72,2020-07-30,14,False,False,735.3,True,True,2020-04-06,False,649.81,682.65,1,False,False,False,870.4168000000001,917.42,0.05400079594051932,0.34390976342195856,True
2020-11-10,uptrend_under_pressure,True,73,2020-07-30,14,False,False,735.3,True,True,2020-04-06,False,649.81,682.65,1,False,False,False,872.2682000000001,916.5,0.050708944794731536,0.34256207426939134,True
2020-11-11,uptrend_under_pressure,True,74,2020-07-30,14,False,False,735.3,True,True,2020-04-06,False,649.81,682.65,1,False,False,False,873.9612,916.68,0.048879515475057644,0.3428257525818501,True
2020-11-12,uptrend_under_pressure,True,75,2020-07-30,14,False,False,735.3,True,True,2020-04-06,False,649.81,682.65,1,False,False,False,875.5484,923.0,0.054196432772877,0.35208379110818133,True
2020-11-13,uptrend_under_pressure,True,76,2020-07-30,14,False,False,735.3,True,True,2020-04-06,False,649.81,682.65,1,False,False,False,877.3616000000001,931.2,0.06136398037023727,0.3640958031201935,True
2020-11-16,uptrend_under_pressure,True,77,2020-07-30,14,False,False,735.3,True,True,2020-04-06,False,649.81,682.65,2,True,False,False,879.1938,915.97,0.04182945785104497,0.3417856881271517,True
2020-11-17,uptrend_under_pressure,True,78,2020-07-30,14,False,False,735.3,True,True,2020-04-06,False,649.81,682.65,2,False,False,False,881.3354,934.65,0.06049297463825898,0.36914963744232043,True
2020-11-18,uptrend_under_pressure,True,79,2020-07-30,14,False,False,735.3,True,True,2020-04-06,False,649.81,682.65,2,False,False,False,883.6004,937.67,0.061192367047366636,0.37357357357357346,True
2020-11-19,uptrend_under_pressure,True,80,2020-07-30,14,False,False,735.3,True,True,2020-04-06,False,649.81,682.65,2,False,False,False,885.9817999999999,944.92,0.06652303692920114,0.3841939500476086,True
2020-11-20,uptrend_under_pressure,True,81,2020-07-30,14,False,False,735.3,True,True,2020-04-06,False,649.81,682.65,2,False,False,False,888.4884,950.89,0.07023344367804918,0.39293928074415874,True
2020-11-23,uptrend_under_pressure,True,82,2020-07-30,14,False,False,735.3,True,True,2020-04-06,False,649.81,682.65,2,False,False,False,891.0441999999999,960.03,0.07742129963923228,0.4063282794990113,True
2020-11-24,uptrend_under_pressure,True,83,2020-07-30,14,False,False,735.3,True,True,2020-04-06,False,649.81,682.65,1,False,False,False,893.5698,959.61,0.07390603397742401,0.4057130301032741,True
2020-11-25,uptrend_under_pressure,True,84,2020-07-30,14,False,False,735.3,True,True,2020-04-06,False,649.81,682.65,1,False,False,False,896.0924,960.63,0.07202114424807093,0.40720720720720727,True
2020-11-26,uptrend_under_pressure,True,85,2020-07-30,14,False,False,735.3,True,True,2020-04-06,False,649.81,682.65,1,False,False,False,898.7388000000001,964.16,0.07279222839828425,0.412378231890427,True
2020-11-27,uptrend_under_pressure,True,86,2020-07-30,14,False,False,735.3,True,True,2020-04-06,False,649.81,682.65,1,False,False,False,901.3358000000001,971.11,0.07741199228966611,0.422559144510364,True
2020-11-30,uptrend_under_pressure,True,87,2020-07-30,14,False,False,735.3,True,True,2020-04-06,False,649.81,682.65,2,True,False,False,903.6228,965.89,0.06890839850433172,0.4149124734490588,True
2020-12-01,uptrend_under_pressure,True,88,2020-07-30,14,False,False,735.3,True,True,2020-04-06,False,649.81,682.65,2,False,False,False,906.0953999999999,976.35,0.07753554427050413,0.4302351131619424,True
2020-12-02,uptrend_under_pressure,True,89,2020-07-30,14,False,False,735.3,True,True,2020-04-06,False,649.81,682.65,2,False,False,False,908.5284000000001,979.95,0.07861240220999144,0.4355086794111185,True
2020-12-03,uptrend_under_pressure,True,90,2020-07-30,14,False,False,735.3,True,True,2020-04-06,False,649.81,682.65,2,False,False,False,911.1729999999999,985.44,0.08150702446187519,0.443550867941112,True
2020-12-04,uptrend_under_pressure,True,91,2020-07-30,14,False,False,735.3,True,True,2020-04-06,False,649.81,682.65,2,False,False,False,913.7656,984.34,0.07723468688250046,0.441939500476086,True
2020-12-07,uptrend_under_pressure,True,92,2020-07-30,14,False,False,735.3,True,True,2020-04-06,False,649.81,682.65,2,False,False,False,916.3396,992.01,0.08257899145687908,0.4531751263458581,True
2020-12-08,uptrend_under_pressure,True,93,2020-07-30,14,False,False,735.3,True,True,2020-04-06,False,649.81,682.65,2,False,False,False,919.0878,993.61,0.08108278664998059,0.4555189335677141,True
2020-12-09,uptrend_under_pressure,True,94,2020-07-30,14,False,False,735.3,True,True,2020-04-06,False,649.81,682.65,2,False,False,False,921.9976000000001,1004.03,0.08897246587192842,0.4707829781000512,True
2020-12-10,uptrend_under_pressure,True,95,2020-07-30,14,False,False,735.3,True,True,2020-04-06,False,649.81,682.65,3,True,False,False,924.5316,994.28,0.07544187781142364,0.4565004028418662,True
2020-12-11,uptrend_under_pressure,True,96,2020-07-30,14,False,False,735.3,True,True,2020-04-06,False,649.81,682.65,3,False,False,False,927.4744000000001,1008.65,0.08752327827053752,0.47755072145316046,True
2020-12-14,uptrend_under_pressure,True,97,2020-07-30,14,False,False,735.3,True,True,2020-04-06,False,649.81,682.65,2,False,False,False,930.6060000000001,1024.28,0.10065914038809098,0.5004467882516663,True
2020-12-15,uptrend_under_pressure,True,98,2020-07-30,14,False,False,735.3,True,True,2020-04-06,False,649.81,682.65,2,False,False,False,933.439,1013.02,0.08525570497911494,0.4839522449278546,True
2020-12-16,uptrend_under_pressure,True,99,2020-07-30,14,False,False,735.3,True,True,2020-04-06,False,649.81,682.65,2,False,False,False,936.6164,1029.72,0.0994041957838876,0.5084157328059768,True
2020-12-17,uptrend_under_pressure,True,100,2020-07-30,14,False,False,735.3,True,True,2020-04-06,False,649.81,682.65,3,True,False,False,939.559,1016.95,0.08236949462460585,0.4897092214165386,True
2020-12-18,uptrend_under_pressure,True,101,2020-07-30,14,False,False,735.3,True,True,2020-04-06,False,649.81,682.65,3,False,False,False,942.8014,1036.65,0.0995422789995859,0.5185673478356407,True
2020-12-21,uptrend_under_pressure,True,102,2020-07-30,14,False,False,735.3,True,True,2020-04-06,False,649.81,682.65,3,False,False,False,946.2976,1049.71,0.1092810549239478,0.5376986742840402,True
2020-12-22,uptrend_under_pressure,True,103,2020-07-30,14,False,False,735.3,True,True,2020-04-06,False,649.81,682.65,3,False,False,False,949.7752,1052.23,0.10787268397827199,0.5413901706584634,True
2020-12-23,uptrend_under_pressure,True,104,2020-07-30,14,False,False,735.3,True,True,2020-04-06,False,649.81,682.65,3,False,False,False,952.8462,1045.7,0.097448885245069,0.5318245074342636,True
2020-12-24,uptrend_under_pressure,True,105,2020-07-30,14,False,False,735.3,True,True,2020-04-06,False,649.81,682.65,4,True,False,False,955.5412000000001,1033.95,0.08205695369283905,0.5146121731487587,True
2020-12-25,uptrend_under_pressure,True,106,2020-07-30,14,False,False,735.3,True,True,2020-04-06,False,649.81,682.65,4,False,False,False,958.552,1052.13,0.09762433336949905,0.5412436827070977,True
2020-12-28,uptrend_under_pressure,True,107,2020-07-30,14,False,False,735.3,True,True,2020-04-06,False,649.81,682.65,3,False,False,False,961.5664,1054.23,0.09636734395045421,0.5443199296857835,True
2020-12-29,uptrend_under_pressure,True,108,2020-07-30,14,False,False,735.3,True,True,2020-04-06,False,649.81,682.65,3,False,False,False,964.5444,1058.39,0.09729526188737414,0.5504138284626092,True
2020-12-30,uptrend_under_pressure,True,109,2020-07-30,14,False,False,735.3,True,True,2020-04-06,False,649.81,682.65,3,False,False,False,967.6056,1059.16,0.09461954333459843,0.5515417856881273,True
2020-12-31,uptrend_under_pressure,True,110,2020-07-30,14,False,False,735.3,True,True,2020-04-06,False,649.81,682.65,3,False,False,False,970.655,1070.77,0.10314169298051312,0.5685490368417199,True
